Location,Entity,
	TA-A38                   ,	BBR79 ,
	TA-A38                   ,	BBR80 ,
	TA-A38                   ,	BBR81 ,
	TA-A38                   ,	BBR82 ,
	TA-A38                   ,	BBR83 ,
	TA-A38                   ,	BBR84 ,
	TA-A38                   ,	BBR85 ,
	TB-B12                   ,	BBS01 ,
	TB-B12                   ,	BBS02 ,
	TB-B12                   ,	BBS03 ,
	TB-B12                   ,	BBS04 ,
	TB-B12                   ,	BBS05 ,
	TB-B12                   ,	BBS06 ,
	TB-B12                   ,	BBS07 ,
	TB-B12                   ,	BBS08 ,
	TB-B12                   ,	BBS09 ,
	TB-B12                   ,	BBS10 ,
	TA-A9                    ,	BBU01 ,
	TA-A9                    ,	BBU02 ,
	TA-A9                    ,	BBU03 ,
	TA-A9                    ,	BBU04 ,
	TA-A9                    ,	BBU05 ,
	TA-A9                    ,	BBU06 ,
	TA-A9                    ,	BBU07 ,
	TA-A9                    ,	BBU08 ,
	TA-A9                    ,	BBU09 ,
	TA-A9                    ,	BBU10 ,
	TA-A31                   ,	BBU11 ,
	TA-A31                   ,	BBU12 ,
	TA-A31                   ,	BBU13 ,
	TA-A31                   ,	BBU14 ,
	TA-A31                   ,	BBU15 ,
	TA-A31                   ,	BBU16 ,
	TA-A31                   ,	BBU17 ,
	TA-A31                   ,	BBU18 ,
	TA-A31                   ,	BBU19 ,
	TA-A31                   ,	BBU21 ,
	TA-A31                   ,	BBU22 ,
	TA-A31                   ,	BBU23 ,
	TA-A31                   ,	BBU24 ,
	TA-A31                   ,	BBU25 ,
	TA-A31                   ,	BBU20 ,
	TA-A32                   ,	BBU26 ,
	TA-A32                   ,	BBU27 ,
	TA-A32                   ,	BBU28 ,
	TA-A32                   ,	BBU29 ,
	TA-A32                   ,	BBU30 ,
	TA-A32                   ,	BBU31 ,
	TA-A32                   ,	BBU32 ,
	TA-A32                   ,	BBU33 ,
	TA-A32                   ,	BBU34 ,
	TA-A32                   ,	BBU35 ,
	TA-A34                   ,	BBU36 ,
	TA-A34                   ,	BBU37 ,
	TA-A34                   ,	BBU38 ,
	TA-A34                   ,	BBU39 ,
	TA-A34                   ,	BBU40 ,
	TA-A34                   ,	BBU41 ,
	TA-A34                   ,	BBU42 ,
	TA-A34                   ,	BBU43 ,
	TA-A34                   ,	BBU44 ,
	TA-A34                   ,	BBU45 ,
	TA-A34                   ,	BBU46 ,
	TA-A34                   ,	BBU47 ,
	TA-A34                   ,	BBU49 ,
	TA-A34                   ,	BBU50 ,
	TA-A34                   ,	BBU51 ,
	TA-A34                   ,	BBU52 ,
	TA-A34                   ,	BBU53 ,
	TA-A34                   ,	BBU54 ,
	TA-A34                   ,	BBU55 ,
	TA-A34                   ,	BBU56 ,
	TA-A34                   ,	BBU57 ,
	TA-A34                   ,	BBU58 ,
	TA-A34                   ,	BBU59 ,
	TA-A34                   ,	BBU60 ,
	TA-A34                   ,	BBU61 ,
	TA-A34                   ,	BBU62 ,
	TA-A34                   ,	BBU63 ,
	TA-A34                   ,	BBU65 ,
	TA-A34                   ,	BBU66 ,
	TA-A34                   ,	BBU67 ,
	TA-A34                   ,	BBU69 ,
	TA-A34                   ,	BBU70 ,
	TA-A32                   ,	BBU71 ,
	TA-A32                   ,	BBU72 ,
	TA-A32                   ,	BBU73 ,
	TA-A32                   ,	BBU74 ,
	TA-A33                   ,	BBU76 ,
	TA-A33                   ,	BBU77 ,
	TA-A33                   ,	BBU78 ,
	TA-A33                   ,	BBU79 ,
	TA-A33                   ,	BBU80 ,
	TA-A20                   ,	BB211 ,
	TA-A19                   ,	BB213 ,
	TA-A19                   ,	BB215 ,
	TA-A34                   ,	BBU64 ,
	TA-Plasma                ,	BN002 ,
	TA-Plasma                ,	BN004 ,
	TA-Plasma                ,	BN005 ,
	TA-Plasma                ,	BN006 ,
	TA-Plasma                ,	BN601 ,
	TA-Plasma                ,	BN602 ,
	TA-Plasma                ,	BN110 ,
	TB-Plasma                ,	BN008 ,
	TB-Plasma                ,	BN009 ,
	TB-Plasma                ,	BN502 ,
	TB-Plasma                ,	BN503 ,
	TB-Plasma                ,	BN701 ,
	TA-A34                   ,	BBU48 ,
	TA-A34                   ,	BBU68 ,
	TA-A33                   ,	BBU75 ,
	TA-A19                   ,	BB216 ,
	TA-A20                   ,	BB217 ,
	TA-A20                   ,	BB218 ,
	TA-A20                   ,	BB219 ,
	TA-A20                   ,	BB220 ,
	TA-A20                   ,	BB221 ,
	TA-A20                   ,	BB223 ,
	TA-A20                   ,	BB224 ,
	TA-A20                   ,	BB226 ,
	TA-A20                   ,	BB227 ,
	TA-A20                   ,	BB229 ,
	TA-A21                   ,	BB230 ,
	TA-A21                   ,	BB231 ,
	TA-A21                   ,	BB232 ,
	TA-A21                   ,	BB234 ,
	TA-A21                   ,	BB235 ,
	TA-A3                    ,	BB442 ,
	TA-A3                    ,	BB444 ,
	TA-A3                    ,	BB445 ,
	TA-A3                    ,	BB446 ,
	TA-A3                    ,	BB448 ,
	TA-A3                    ,	BB450 ,
	TA-A3                    ,	BB451 ,
	TA-A3                    ,	BB453 ,
	TA-A3                    ,	BB454 ,
	TA-A3                    ,	BB455 ,
	TA-A3                    ,	BB456 ,
	TA-A3                    ,	BB457 ,
	TA-A3                    ,	BB459 ,
	TA-A8                    ,	BB460 ,
	TA-A4                    ,	BB462 ,
	TA-A4                    ,	BB463 ,
	TA-A4                    ,	BB467 ,
	TA-A4                    ,	BB468 ,
	TA-A4                    ,	BB475 ,
	TA-A4                    ,	BB476 ,
	TA-A4                    ,	BB477 ,
	TA-A3                    ,	BB449 ,
	TA-A19                   ,	BB212 ,
	TA-A19                   ,	BB214 ,
	TA-A20                   ,	BB222 ,
	TA-A12                   ,	BB225 ,
	TA-A20                   ,	BB228 ,
	TA-A21                   ,	BB233 ,
	TA-A3                    ,	BB441 ,
	TA-A3                    ,	BB443 ,
	TA-A3                    ,	BB447 ,
	TA-A3                    ,	BB452 ,
	TA-A3                    ,	BB458 ,
	TA-A4                    ,	BB461 ,
	TA-A4                    ,	BB466 ,
	TA-A4                    ,	BB469 ,
	TA-A4                    ,	BB470 ,
	TA-A4                    ,	BB471 ,
	TA-A4                    ,	BB472 ,
	TA-A4                    ,	BB473 ,
	TA-A4                    ,	BB474 ,
	TA-A4                    ,	BB478 ,
	TA-A4                    ,	BB479 ,
	TA-A4                    ,	BB480 ,
	TA-A5                    ,	BB482 ,
	TA-A5                    ,	BB484 ,
	TA-A5                    ,	BB485 ,
	TA-A5                    ,	BB486 ,
	TA-A5                    ,	BB487 ,
	TA-A5                    ,	BB488 ,
	TA-A5                    ,	BB489 ,
	TA-A8                    ,	BB490 ,
	TA-A5                    ,	BB483 ,
	TA-A8                    ,	BB496 ,
	TA-A8                    ,	BB497 ,
	TA-A8                    ,	BB498 ,
	TA-A8                    ,	BB499 ,
	TA-A8                    ,	BB500 ,
	TA-A6                    ,	BB501 ,
	TA-A6                    ,	BB503 ,
	TA-A6                    ,	BB505 ,
	TA-A6                    ,	BB506 ,
	TA-A4                    ,	BB465 ,
	TA-A5                    ,	BB481 ,
	TA-A6                    ,	BB502 ,
	TA-A6                    ,	BB504 ,
	TA-A6                    ,	BB507 ,
	TA-A6                    ,	BB509 ,
	TA-A6                    ,	BB510 ,
	TA-A6                    ,	BB511 ,
	TA-A6                    ,	BB512 ,
	TA-A6                    ,	BB513 ,
	TA-A6                    ,	BB514 ,
	TA-A6                    ,	BB517 ,
	TA-A6                    ,	BB518 ,
	TA-A6                    ,	BB519 ,
	TA-A6                    ,	BB520 ,
	TA-A7                    ,	BB522 ,
	TA-A7                    ,	BB523 ,
	TA-A7                    ,	BB524 ,
	TA-A7                    ,	BB525 ,
	TA-A7                    ,	BB526 ,
	TA-A7                    ,	BB527 ,
	TA-A7                    ,	BB528 ,
	TA-A7                    ,	BB529 ,
	TA-A7                    ,	BB530 ,
	TA-A7                    ,	BB531 ,
	TA-A7                    ,	BB532 ,
	TA-A7                    ,	BB533 ,
	TA-A7                    ,	BB534 ,
	TA-A7                    ,	BB535 ,
	TA-A7                    ,	BB536 ,
	TA-A7                    ,	BB537 ,
	TA-A1                    ,	BB538 ,
	TA-A1                    ,	BB539 ,
	TA-A1                    ,	BB540 ,
	TA-A1                    ,	BB541 ,
	TA-A1                    ,	BB542 ,
	TA-A1                    ,	BB543 ,
	TA-A1                    ,	BB544 ,
	TA-A1                    ,	BB545 ,
	TA-A1                    ,	BB546 ,
	TA-A8                    ,	BB548 ,
	TA-A2                    ,	BB549 ,
	TA-A6                    ,	BB508 ,
	TA-A8                    ,	BB515 ,
	TA-A6                    ,	BB516 ,
	TA-A7                    ,	BB521 ,
	TA-A8                    ,	BB547 ,
	TA-A2                    ,	BB550 ,
	TA-A2                    ,	BB551 ,
	TA-A2                    ,	BB552 ,
	TA-A2                    ,	BB553 ,
	TA-A2                    ,	BB554 ,
	TA-A2                    ,	BB555 ,
	TA-A2                    ,	BB556 ,
	TA-A2                    ,	BB557 ,
	TA-A2                    ,	BB558 ,
	TA-A2                    ,	BB559 ,
	TA-A2                    ,	BB560 ,
	TA-A2                    ,	BB561 ,
	TA-A2                    ,	BB562 ,
	TA-A2                    ,	BB563 ,
	TA-A2                    ,	BB564 ,
	TA-A2                    ,	BB565 ,
	TA-A2                    ,	BB566 ,
	TA-A2                    ,	BB567 ,
	TA-A5                    ,	BB569 ,
	TA-A4                    ,	BB571 ,
	TA-A6                    ,	BB572 ,
	TA-A6                    ,	BB573 ,
	TA-A4                    ,	BB574 ,
	TA-A5                    ,	BB568 ,
	TA-A5                    ,	BB575 ,
	TA-A5                    ,	BB576 ,
	TA-A8                    ,	BB577 ,
	TA-A13                   ,	BB578 ,
	TA-A8                    ,	BB579 ,
	TA-A8                    ,	BB580 ,
	TA-A13                   ,	BB582 ,
	TA-A13                   ,	BB585 ,
	TA-A13                   ,	BB586 ,
	TA-A13                   ,	BB588 ,
	TA-A8                    ,	BB589 ,
	TA-A13                   ,	BB581 ,
	TA-A5                    ,	BB570 ,
	TA-A13                   ,	BB583 ,
	TA-A13                   ,	BB584 ,
	TA-A13                   ,	BB587 ,
	TA-A13                   ,	BB590 ,
	TA-A13                   ,	BB591 ,
	TA-A13                   ,	BB592 ,
	TA-A13                   ,	BB593 ,
	TA-A13                   ,	BB594 ,
	TA-A13                   ,	BB595 ,
	TA-A13                   ,	BB596 ,
	TA-A13                   ,	BB597 ,
	TA-A13                   ,	BB598 ,
	TA-A14                   ,	BB599 ,
	TA-A14                   ,	BB600 ,
	TA-A14                   ,	BB601 ,
	TA-A14                   ,	BB605 ,
	TA-A14                   ,	BB606 ,
	TA-A14                   ,	BB607 ,
	TA-A14                   ,	BB608 ,
	TA-A14                   ,	BB609 ,
	TA-A14                   ,	BB610 ,
	TA-A14                   ,	BB612 ,
	TA-A14                   ,	BB613 ,
	TA-A14                   ,	BB614 ,
	TA-A14                   ,	BB615 ,
	TA-A8                    ,	BB616 ,
	TA-A15                   ,	BB617 ,
	TA-A15                   ,	BB618 ,
	TA-A15                   ,	BB619 ,
	TA-A15                   ,	BB620 ,
	TA-A15                   ,	BB621 ,
	TA-A15                   ,	BB622 ,
	TA-A15                   ,	BB623 ,
	TA-A7                    ,	BB624 ,
	TA-A9                    ,	BB701 ,
	TA-A9                    ,	BB702 ,
	TA-A12                   ,	BB704 ,
	TA-A11                   ,	BB705 ,
	TA-A14                   ,	BB602 ,
	TA-A14                   ,	BB611 ,
	TA-A12                   ,	BB703 ,
	TA-A14                   ,	BB603 ,
	TA-A14                   ,	BB604 ,
	TA-A11                   ,	BB706 ,
	TA-A11                   ,	BB707 ,
	TA-A11                   ,	BB708 ,
	TA-A15                   ,	BB709 ,
	TA-A15                   ,	BB710 ,
	TA-A15                   ,	BB711 ,
	TA-A15                   ,	BB712 ,
	TA-A12                   ,	BB713 ,
	TA-A12                   ,	BB714 ,
	TA-A12                   ,	BB715 ,
	TA-A9                    ,	BB716 ,
	TA-A11                   ,	BB717 ,
	TA-A11                   ,	BB718 ,
	TA-A11                   ,	BB719 ,
	TA-A11                   ,	BB720 ,
	TA-A11                   ,	BB721 ,
	TA-A11                   ,	BB722 ,
	TA-A11                   ,	BB723 ,
	TA-A9                    ,	BB724 ,
	TA-A10                   ,	BB725 ,
	TA-A10                   ,	BB726 ,
	TA-A10                   ,	BB727 ,
	TA-A10                   ,	BB728 ,
	TA-A10                   ,	BB730 ,
	TA-A10                   ,	BB731 ,
	TA-A9                    ,	BB732 ,
	TA-A15                   ,	BB733 ,
	TA-A15                   ,	BB734 ,
	TA-A15                   ,	BB735 ,
	TA-A15                   ,	BB736 ,
	TA-A15                   ,	BB737 ,
	TA-A15                   ,	BB738 ,
	TA-A12                   ,	BB745 ,
	TA-A11                   ,	BB746 ,
	TA-A11                   ,	BB747 ,
	TA-A11                   ,	BB749 ,
	TA-A16                   ,	BB750 ,
	TA-A16                   ,	BB751 ,
	TA-A10                   ,	BB729 ,
	TA-A11                   ,	BB748 ,
	TA-A16                   ,	BB752 ,
	TA-A16                   ,	BB753 ,
	TA-A16                   ,	BB754 ,
	TA-A16                   ,	BB755 ,
	TA-A16                   ,	BB756 ,
	TA-A16                   ,	BB757 ,
	TA-A16                   ,	BB758 ,
	TA-A16                   ,	BB759 ,
	TA-A16                   ,	BB760 ,
	TA-A16                   ,	BB761 ,
	TA-A16                   ,	BB762 ,
	TA-A17                   ,	BB763 ,
	TA-A17                   ,	BB764 ,
	TA-A17                   ,	BB766 ,
	TA-A17                   ,	BB767 ,
	TA-A17                   ,	BB768 ,
	TA-A17                   ,	BB769 ,
	TA-A17                   ,	BB770 ,
	TA-A18                   ,	BB772 ,
	TA-A18                   ,	BB773 ,
	TA-A18                   ,	BB774 ,
	TA-A18                   ,	BB775 ,
	TA-A18                   ,	BB776 ,
	TA-A18                   ,	BB777 ,
	TA-A18                   ,	BB779 ,
	TA-A18                   ,	BB780 ,
	TA-A18                   ,	BB781 ,
	TA-A18                   ,	BB782 ,
	TA-A18                   ,	BB783 ,
	TA-A18                   ,	BB784 ,
	TA-A9                    ,	BB786 ,
	TA-A19                   ,	BB788 ,
	TA-A19                   ,	BB789 ,
	TA-A19                   ,	BB790 ,
	TB-B2                    ,	BB801 ,
	TB-B2                    ,	BB802 ,
	TB-B2                    ,	BB803 ,
	TB-B2                    ,	BB804 ,
	TB-B2                    ,	BB805 ,
	TA-A17                   ,	BB765 ,
	TA-A12                   ,	BB771 ,
	TA-A18                   ,	BB778 ,
	TA-A18                   ,	BB785 ,
	TA-A19                   ,	BB787 ,
	TA-A19                   ,	BB791 ,
	TB-B2                    ,	BB806 ,
	TB-B2                    ,	BB807 ,
	TB-B2                    ,	BB808 ,
	TB-B2                    ,	BB809 ,
	TB-B2                    ,	BB810 ,
	TB-B2                    ,	BB811 ,
	TB-B2                    ,	BB812 ,
	TB-B2                    ,	BB813 ,
	TB-B2                    ,	BB814 ,
	TB-B10                   ,	BB815 ,
	TB-B2                    ,	BB816 ,
	TB-B2                    ,	BB817 ,
	TB-B2                    ,	BB818 ,
	TB-B2                    ,	BB819 ,
	TB-B3                    ,	BB821 ,
	TB-B3                    ,	BB822 ,
	TB-B3                    ,	BB823 ,
	TB-B3                    ,	BB824 ,
	TB-B3                    ,	BB825 ,
	TB-B3                    ,	BB826 ,
	TB-B3                    ,	BB828 ,
	TB-B3                    ,	BB831 ,
	TA-A36                   ,	BBU81 ,
	TA-A36                   ,	BBU82 ,
	TA-A36                   ,	BBU83 ,
	TA-A36                   ,	BBU84 ,
	TA-A36                   ,	BBU85 ,
	TA-A36                   ,	BBU86 ,
	TA-A36                   ,	BBU87 ,
	TA-A36                   ,	BBU88 ,
	TA-A36                   ,	BBU89 ,
	TA-A36                   ,	BBU90 ,
	TA-A36                   ,	BBU91 ,
	TA-A36                   ,	BBU92 ,
	TA-A36                   ,	BBU93 ,
	TA-A36                   ,	BBU94 ,
	TA-A36                   ,	BBU95 ,
	TA-A36                   ,	BBU96 ,
	TA-A36                   ,	BBU97 ,
	TA-A36                   ,	BBU98 ,
	TA-A36                   ,	BBU99 ,
	TA-A36                   ,	BBUA1 ,
	TA-A36                   ,	BBUA2 ,
	TA-A36                   ,	BBUA3 ,
	TA-A36                   ,	BBUA4 ,
	TA-A36                   ,	BBUA5 ,
	TA-A36                   ,	BBUA6 ,
	TA-A36                   ,	BBUA7 ,
	TA-A36                   ,	BBUA8 ,
	TA-A36                   ,	BBUA9 ,
	TA-A36                   ,	BBUB1 ,
	TA-A36                   ,	BBUB2 ,
	TA-A36                   ,	BBUB3 ,
	TA-A36                   ,	BBUB4 ,
	TA-A36                   ,	BBUB5 ,
	TA-A36                   ,	BBUB6 ,
	TA-A7                    ,	BBUB7 ,
	TB-B3                    ,	BB832 ,
	TB-B3                    ,	BB834 ,
	TB-B3                    ,	BB835 ,
	TB-B3                    ,	BB836 ,
	TB-B3                    ,	BB837 ,
	TB-B3                    ,	BB838 ,
	TB-B3                    ,	BB839 ,
	TB-B3                    ,	BB840 ,
	TB-B4                    ,	BB841 ,
	TB-B4                    ,	BB842 ,
	TB-B4                    ,	BB843 ,
	TB-B4                    ,	BB844 ,
	TB-B4                    ,	BB845 ,
	TB-B3                    ,	BB827 ,
	TB-B3                    ,	BB833 ,
	TB-B4                    ,	BB846 ,
	TB-B4                    ,	BB847 ,
	TB-B4                    ,	BB849 ,
	TB-B4                    ,	BB850 ,
	TB-B4                    ,	BB851 ,
	TB-B4                    ,	BB852 ,
	TB-B4                    ,	BB853 ,
	TB-B4                    ,	BB854 ,
	TB-B4                    ,	BB855 ,
	TB-B4                    ,	BB856 ,
	TB-B4                    ,	BB857 ,
	TB-B4                    ,	BB858 ,
	TB-B4                    ,	BB859 ,
	TB-B4                    ,	BB860 ,
	TB-B5                    ,	BB861 ,
	TB-B5                    ,	BB862 ,
	TB-B5                    ,	BB863 ,
	TB-B5                    ,	BB864 ,
	TB-B5                    ,	BB865 ,
	TB-B5                    ,	BB866 ,
	TB-B5                    ,	BB867 ,
	TB-B5                    ,	BB868 ,
	TB-B5                    ,	BB869 ,
	TB-B9                    ,	BB870 ,
	TB-B5                    ,	BB871 ,
	TB-B5                    ,	BB872 ,
	TB-B5                    ,	BB873 ,
	TB-B5                    ,	BB874 ,
	TB-B5                    ,	BB875 ,
	TB-B5                    ,	BB876 ,
	TB-B5                    ,	BB877 ,
	TB-B5                    ,	BB878 ,
	TB-B9                    ,	BB879 ,
	TB-B6                    ,	BB881 ,
	TB-B6                    ,	BB882 ,
	TB-B6                    ,	BB883 ,
	TB-B6                    ,	BB884 ,
	TB-B6                    ,	BB885 ,
	TB-B6                    ,	BB886 ,
	TB-B4                    ,	BB848 ,
	TB-B9                    ,	BB880 ,
	TB-B6                    ,	BB887 ,
	TB-B6                    ,	BB888 ,
	TB-B6                    ,	BB889 ,
	TB-B9                    ,	BB890 ,
	TB-B6                    ,	BB891 ,
	TB-B6                    ,	BB892 ,
	TB-B6                    ,	BB893 ,
	TB-B6                    ,	BB894 ,
	TB-B6                    ,	BB895 ,
	TB-B6                    ,	BB896 ,
	TB-B6                    ,	BB897 ,
	TB-B6                    ,	BB898 ,
	TB-B6                    ,	BB899 ,
	TB-B6                    ,	BB900 ,
	TB-B7                    ,	BB901 ,
	TB-B7                    ,	BB902 ,
	TB-B7                    ,	BB903 ,
	TB-B7                    ,	BB904 ,
	TB-B7                    ,	BB905 ,
	TB-B7                    ,	BB906 ,
	TB-B7                    ,	BB908 ,
	TB-B7                    ,	BB909 ,
	TB-B7                    ,	BB910 ,
	TB-B7                    ,	BB911 ,
	TB-B7                    ,	BB912 ,
	TB-B7                    ,	BB914 ,
	TB-B7                    ,	BB915 ,
	TB-B7                    ,	BB916 ,
	TB-B7                    ,	BB917 ,
	TB-B7                    ,	BB918 ,
	TB-B7                    ,	BB919 ,
	TB-B2                    ,	BB920 ,
	TB-B8                    ,	BB922 ,
	TB-B8                    ,	BB923 ,
	TB-B8                    ,	BB924 ,
	TB-B8                    ,	BB925 ,
	TB-B8                    ,	BB926 ,
	TB-B9                    ,	BB929 ,
	TB-B9                    ,	BB930 ,
	TB-B7                    ,	BB907 ,
	TB-B7                    ,	BB913 ,
	TB-B8                    ,	BB921 ,
	TB-B4                    ,	BB931 ,
	TB-B10                   ,	BB932 ,
	TB-B10                   ,	BB933 ,
	TB-B9                    ,	BB938 ,
	TB-B1                    ,	BBA01 ,
	TB-B1                    ,	BBA02 ,
	TB-B1                    ,	BBA03 ,
	TB-B1                    ,	BBA04 ,
	TB-B1                    ,	BBA05 ,
	TB-B1                    ,	BBA06 ,
	TB-B1                    ,	BBA07 ,
	TB-B1                    ,	BBA08 ,
	TB-B1                    ,	BBA09 ,
	TB-B10                   ,	BBA10 ,
	TB-B1                    ,	BBA11 ,
	TB-B1                    ,	BBA12 ,
	TB-B1                    ,	BBA13 ,
	TB-B1                    ,	BBA14 ,
	TB-B1                    ,	BBA15 ,
	TB-B1                    ,	BBA16 ,
	TB-B1                    ,	BBA17 ,
	TB-B1                    ,	BBA18 ,
	TB-B1                    ,	BBA19 ,
	TB-B10                   ,	BBA20 ,
	TB-B10                   ,	BBA22 ,
	TB-B10                   ,	BBA23 ,
	TB-B10                   ,	BBA24 ,
	TB-B10                   ,	BBA25 ,
	TB-B11                   ,	BBA27 ,
	TB-B11                   ,	BBA28 ,
	TB-B11                   ,	BBA29 ,
	TB-B11                   ,	BBA30 ,
	TB-B11                   ,	BBA31 ,
	TA-A12                   ,	BBB01 ,
	TA-A12                   ,	BBB02 ,
	TA-A12                   ,	BBB03 ,
	TA-A12                   ,	BBB04 ,
	TA-A12                   ,	BBB05 ,
	TB-B11                   ,	BBA26 ,
	TA-A12                   ,	BBB06 ,
	TA-A17                   ,	BBB07 ,
	TA-A17                   ,	BBB08 ,
	TA-A17                   ,	BBB09 ,
	TA-A17                   ,	BBB10 ,
	TA-A19                   ,	BBB11 ,
	TA-A9                    ,	BBB12 ,
	TA-A20                   ,	BBB13 ,
	TA-A10                   ,	BBB14 ,
	TA-A21                   ,	BBB15 ,
	TA-A21                   ,	BBB16 ,
	TA-A21                   ,	BBB17 ,
	TA-A21                   ,	BBB18 ,
	TA-A21                   ,	BBB19 ,
	TA-A21                   ,	BBB20 ,
	TA-A21                   ,	BBB21 ,
	TA-A21                   ,	BBB22 ,
	TA-A22                   ,	BBB23 ,
	TA-A22                   ,	BBB24 ,
	TA-A22                   ,	BBB25 ,
	TA-A22                   ,	BBB26 ,
	TA-A22                   ,	BBB27 ,
	TA-A22                   ,	BBB28 ,
	TA-A19                   ,	BBB29 ,
	TA-A10                   ,	BBB32 ,
	TA-A10                   ,	BBB33 ,
	TA-A10                   ,	BBB34 ,
	TA-A10                   ,	BBB35 ,
	TA-A10                   ,	BBB36 ,
	TB-B18                   ,	BBC01 ,
	TB-B18                   ,	BBC02 ,
	TB-B18                   ,	BBC03 ,
	TB-B18                   ,	BBC04 ,
	TB-B18                   ,	BBC05 ,
	TB-B18                   ,	BBC06 ,
	TB-B18                   ,	BBC07 ,
	TB-B18                   ,	BBC08 ,
	TB-B18                   ,	BBC09 ,
	TB-B18                   ,	BBC10 ,
	TB-B18                   ,	BBC11 ,
	TA-A10                   ,	BBB30 ,
	TA-A10                   ,	BBB31 ,
	TB-B18                   ,	BBC12 ,
	TB-B18                   ,	BBC14 ,
	TB-B18                   ,	BBC15 ,
	TB-B18                   ,	BBC16 ,
	TB-B18                   ,	BBC17 ,
	TB-B18                   ,	BBC18 ,
	TB-B18                   ,	BBC19 ,
	TB-B18                   ,	BBC20 ,
	TB-B18                   ,	BBC21 ,
	TB-B18                   ,	BBC22 ,
	TB-B18                   ,	BBC23 ,
	TB-B18                   ,	BBC24 ,
	TB-B18                   ,	BBC25 ,
	TB-B18                   ,	BBC26 ,
	TB-B18                   ,	BBC27 ,
	TB-B18                   ,	BBC28 ,
	TB-B18                   ,	BBC29 ,
	TB-B18                   ,	BBC30 ,
	TB-B18                   ,	BBC31 ,
	TB-B18                   ,	BBC32 ,
	TB-B18                   ,	BBC33 ,
	TB-B18                   ,	BBC34 ,
	TB-B18                   ,	BBC35 ,
	TB-B18                   ,	BBC36 ,
	TB-B18                   ,	BBC37 ,
	TB-B18                   ,	BBC38 ,
	TB-B18                   ,	BBC39 ,
	TB-B18                   ,	BBC40 ,
	TB-B18                   ,	BBC41 ,
	TB-B18                   ,	BBC42 ,
	TB-B18                   ,	BBC43 ,
	TB-B18                   ,	BBC44 ,
	TB-B18                   ,	BBC45 ,
	TB-B18                   ,	BBC46 ,
	TB-B18                   ,	BBC47 ,
	TB-B18                   ,	BBC48 ,
	TB-B18                   ,	BBC49 ,
	TB-B18                   ,	BBC51 ,
	TB-B18                   ,	BBC52 ,
	TB-B18                   ,	BBC13 ,
	TB-B18                   ,	BBC50 ,
	TB-B18                   ,	BBC53 ,
	TB-B18                   ,	BBC54 ,
	TB-B18                   ,	BBC55 ,
	TB-B18                   ,	BBC56 ,
	TB-B18                   ,	BBC57 ,
	TB-B18                   ,	BBC58 ,
	TB-B18                   ,	BBC59 ,
	TB-B18                   ,	BBC60 ,
	TB-B9                    ,	BBD01 ,
	TB-B9                    ,	BBD02 ,
	TB-B9                    ,	BBD03 ,
	TB-B14                   ,	BBD09 ,
	TB-B14                   ,	BBD10 ,
	TB-B14                   ,	BBD11 ,
	TB-B14                   ,	BBD12 ,
	TB-B14                   ,	BBD13 ,
	TB-B14                   ,	BBD14 ,
	TB-B14                   ,	BBD15 ,
	TB-B14                   ,	BBD16 ,
	TB-B14                   ,	BBD17 ,
	TB-B14                   ,	BBD20 ,
	TB-B14                   ,	BBD21 ,
	TB-B14                   ,	BBD22 ,
	TB-B14                   ,	BBD23 ,
	TB-B14                   ,	BBD24 ,
	TB-B13                   ,	BBD35 ,
	TB-B13                   ,	BBD36 ,
	TB-B13                   ,	BBD37 ,
	TB-B13                   ,	BBD38 ,
	TB-B13                   ,	BBD39 ,
	TB-B13                   ,	BBD40 ,
	TB-B13                   ,	BBD41 ,
	TB-B13                   ,	BBD42 ,
	TB-B13                   ,	BBD43 ,
	TB-B13                   ,	BBD44 ,
	TB-B11                   ,	BBD48 ,
	TB-B11                   ,	BBD49 ,
	TB-B11                   ,	BBD50 ,
	TB-B11                   ,	BBD51 ,
	TB-B11                   ,	BBD52 ,
	TB-B11                   ,	BBD53 ,
	TB-B11                   ,	BBD54 ,
	TB-B11                   ,	BBD55 ,
	TB-B11                   ,	BBD56 ,
	TB-B11                   ,	BBD57 ,
	TB-B11                   ,	BBD58 ,
	TB-B11                   ,	BBD59 ,
	TB-B13                   ,	BBD60 ,
	TB-B13                   ,	BBD61 ,
	TB-B13                   ,	BBD62 ,
	TB-B13                   ,	BBD63 ,
	TB-B13                   ,	BBD64 ,
	TB-B13                   ,	BBD65 ,
	TB-B13                   ,	BBD66 ,
	TB-B8                    ,	BBD81 ,
	TA-A24                   ,	BBH08 ,
	TA-A24                   ,	BBH09 ,
	TA-A24                   ,	BBH10 ,
	TA-A24                   ,	BBH11 ,
	TA-A24                   ,	BBH12 ,
	TB-B13                   ,	BBD67 ,
	TA-A24                   ,	BBH13 ,
	TA-A24                   ,	BBH14 ,
	TA-A24                   ,	BBH15 ,
	TA-A24                   ,	BBH16 ,
	TA-A24                   ,	BBH17 ,
	TA-A23                   ,	BBH18 ,
	TA-A25                   ,	BBH19 ,
	TA-A25                   ,	BBH20 ,
	TA-A25                   ,	BBH21 ,
	TA-A25                   ,	BBH22 ,
	TA-A25                   ,	BBH23 ,
	TA-A26                   ,	BBH24 ,
	TA-A26                   ,	BBH25 ,
	TA-A26                   ,	BBH26 ,
	TA-A26                   ,	BBH27 ,
	TA-A26                   ,	BBH28 ,
	TA-A26                   ,	BBH29 ,
	TA-A26                   ,	BBH30 ,
	TA-A26                   ,	BBH31 ,
	TA-A26                   ,	BBH32 ,
	TA-A26                   ,	BBH33 ,
	TA-A26                   ,	BBH34 ,
	TA-A26                   ,	BBH35 ,
	TA-A27                   ,	BBH36 ,
	TA-A27                   ,	BBH37 ,
	TA-A27                   ,	BBH38 ,
	TA-A27                   ,	BBH39 ,
	TA-A27                   ,	BBH41 ,
	TA-A27                   ,	BBH43 ,
	TA-A27                   ,	BBH44 ,
	TA-A27                   ,	BBH45 ,
	TA-A28                   ,	BBH46 ,
	TA-A28                   ,	BBH47 ,
	TA-A28                   ,	BBH48 ,
	TA-A28                   ,	BBH49 ,
	TA-A28                   ,	BBH50 ,
	TA-A28                   ,	BBH51 ,
	TA-A28                   ,	BBH52 ,
	TA-A28                   ,	BBH53 ,
	TA-A27                   ,	BBH40 ,
	TA-A27                   ,	BBH42 ,
	TA-A29                   ,	BBH54 ,
	TA-A29                   ,	BBH55 ,
	TA-A29                   ,	BBH56 ,
	TA-A29                   ,	BBH57 ,
	TA-A29                   ,	BBH58 ,
	TA-A29                   ,	BBH59 ,
	TA-A29                   ,	BBH60 ,
	TA-A29                   ,	BBH61 ,
	TA-A29                   ,	BBH62 ,
	TA-A30                   ,	BBH63 ,
	TA-A30                   ,	BBH64 ,
	TA-A30                   ,	BBH65 ,
	TA-A30                   ,	BBH66 ,
	TA-A30                   ,	BBH67 ,
	TA-A30                   ,	BBH68 ,
	TA-A30                   ,	BBH69 ,
	TA-A30                   ,	BBH70 ,
	TA-A23                   ,	BBH96 ,
	TB-B15                   ,	BBH97 ,
	TB-B15                   ,	BBH98 ,
	TB-B8                    ,	BBJ01 ,
	TB-B8                    ,	BBJ02 ,
	TB-B8                    ,	BBJ03 ,
	TA-A23                   ,	BBK27 ,
	TA-A23                   ,	BBK28 ,
	TA-A23                   ,	BBK29 ,
	TB-B19                   ,	BBK30 ,
	TB-B19                   ,	BBK31 ,
	TB-B19                   ,	BBK32 ,
	TB-B19                   ,	BBK33 ,
	TB-B19                   ,	BBK34 ,
	TB-B19                   ,	BBK35 ,
	TB-B19                   ,	BBK36 ,
	TB-B19                   ,	BBK37 ,
	TB-B19                   ,	BBK38 ,
	TB-B19                   ,	BBK39 ,
	TB-B19                   ,	BBK40 ,
	TB-B19                   ,	BBK41 ,
	TB-B19                   ,	BBK42 ,
	TB-B19                   ,	BBK43 ,
	TB-B19                   ,	BBK44 ,
	TB-B19                   ,	BBK45 ,
	TB-B19                   ,	BBK46 ,
	TB-B19                   ,	BBK47 ,
	TB-B19                   ,	BBK48 ,
	TB-B19                   ,	BBK49 ,
	TB-B9                    ,	BBL01 ,
	TB-B12                   ,	BBL02 ,
	TB-B12                   ,	BBL03 ,
	TB-B12                   ,	BBL04 ,
	TB-B15                   ,	BBL17 ,
	TB-B15                   ,	BBL18 ,
	TB-B15                   ,	BBL19 ,
	TB-B14                   ,	BBL20 ,
	TB-B12                   ,	BBL05 ,
	TB-B15                   ,	BBL16 ,
	TB-B14                   ,	BBL21 ,
	TB-B14                   ,	BBL22 ,
	TB-B10                   ,	BBM02 ,
	TB-B10                   ,	BBM04 ,
	TB-B10                   ,	BBM05 ,
	TB-B10                   ,	BBM06 ,
	TB-B10                   ,	BBM07 ,
	TB-B16                   ,	BBR01 ,
	TB-B16                   ,	BBR02 ,
	TB-B16                   ,	BBR03 ,
	TB-B16                   ,	BBR04 ,
	TB-B16                   ,	BBR05 ,
	TB-B16                   ,	BBR06 ,
	TB-B16                   ,	BBR07 ,
	TB-B15                   ,	BBR10 ,
	TB-B10                   ,	BBM03 ,
	TB-B15                   ,	BBR08 ,
	TA-A38                   ,	BBR11 ,
	TA-A38                   ,	BBR12 ,
	TA-A38                   ,	BBR13 ,
	TA-A38                   ,	BBR14 ,
	TA-A38                   ,	BBR15 ,
	TA-A38                   ,	BBR16 ,
	TA-A38                   ,	BBR17 ,
	TA-A38                   ,	BBR18 ,
	TA-A38                   ,	BBR19 ,
	TA-A38                   ,	BBR20 ,
	TA-A38                   ,	BBR21 ,
	TB-B10                   ,	BBM01 ,
	TB-B15                   ,	BBR09 ,
	TA-A38                   ,	BBR22 ,
	TA-A38                   ,	BBR23 ,
	TA-A38                   ,	BBR24 ,
	TA-A38                   ,	BBR25 ,
	TA-A38                   ,	BBR26 ,
	TA-A38                   ,	BBR27 ,
	TA-A38                   ,	BBR28 ,
	TA-A38                   ,	BBR29 ,
	TA-A38                   ,	BBR30 ,
	TA-A38                   ,	BBR31 ,
	TA-A38                   ,	BBR32 ,
	TA-A38                   ,	BBR33 ,
	TA-A38                   ,	BBR34 ,
	TA-A38                   ,	BBR35 ,
	TA-A38                   ,	BBR36 ,
	TA-A38                   ,	BBR37 ,
	TA-A38                   ,	BBR38 ,
	TA-A38                   ,	BBR39 ,
	TA-A38                   ,	BBR40 ,
	TA-A38                   ,	BBR42 ,
	TA-A38                   ,	BBR43 ,
	TA-A38                   ,	BBR44 ,
	TA-A38                   ,	BBR46 ,
	TA-A38                   ,	BBR47 ,
	TA-A38                   ,	BBR48 ,
	TA-A38                   ,	BBR49 ,
	TA-A38                   ,	BBR50 ,
	TA-A38                   ,	BBR51 ,
	TA-A38                   ,	BBR52 ,
	TA-A38                   ,	BBR53 ,
	TA-A38                   ,	BBR54 ,
	TA-A38                   ,	BBR55 ,
	TA-A38                   ,	BBR56 ,
	TA-A38                   ,	BBR57 ,
	TA-A38                   ,	BBR58 ,
	TA-A38                   ,	BBR59 ,
	TA-A38                   ,	BBR60 ,
	TA-A38                   ,	BBR61 ,
	TA-A38                   ,	BBR62 ,
	TA-A38                   ,	BBR63 ,
	TA-A38                   ,	BBR64 ,
	TA-A38                   ,	BBR65 ,
	TA-A38                   ,	BBR86 ,
	TA-A38                   ,	BBR87 ,
	TA-A38                   ,	BBR88 ,
	TA-A38                   ,	BBR89 ,
	TA-A38                   ,	BBR90 ,
	TB-B20                   ,	BBR91 ,
	TB-B20                   ,	BBR92 ,
	TB-B20                   ,	BBR93 ,
	TA-A38                   ,	BBR41 ,
	TA-A38                   ,	BBR45 ,
	TB-B20                   ,	BBR94 ,
	TB-B20                   ,	BBR95 ,
	TB-B20                   ,	BBR96 ,
	TB-B20                   ,	BBR97 ,
	TB-B20                   ,	BBR98 ,
	TB-B20                   ,	BBR99 ,
	TB-B20                   ,	BBRA1 ,
	TB-B20                   ,	BBRA2 ,
	TB-B20                   ,	BBRA3 ,
	TB-B20                   ,	BBRA4 ,
	TB-B20                   ,	BBRA5 ,
	TB-B20                   ,	BBRA6 ,
	TB-B20                   ,	BBRA7 ,
	TB-B20                   ,	BBRA8 ,
	TB-B20                   ,	BBRA9 ,
	TB-B20                   ,	BBRB1 ,
	TB-B20                   ,	BBRB2 ,
	TB-B20                   ,	BBRB3 ,
	TB-B20                   ,	BBRB4 ,
	TB-B20                   ,	BBRB5 ,
	TB-B20                   ,	BBRB6 ,
	TB-B20                   ,	BBRB7 ,
	TB-B17                   ,	BBRB8 ,
	TB-B17                   ,	BBRB9 ,
	TB-B17                   ,	BBRC1 ,
	TB-B17                   ,	BBRC2 ,
	TB-B17                   ,	BBRC3 ,
	TB-B17                   ,	BBRC4 ,
	TB-B17                   ,	BBRC5 ,
	TB-B17                   ,	BBRC6 ,
	TB-B17                   ,	BBRC7 ,
	TB-B17                   ,	BBRC8 ,
	TB-B17                   ,	BBRC9 ,
	TB-B17                   ,	BBRD1 ,
	TB-B17                   ,	BBRD2 ,
	TB-B17                   ,	BBRD3 ,
	TB-B17                   ,	BBRD4 ,
	TB-B17                   ,	BBRD5 ,
	TB-B17                   ,	BBRD6 ,
	TB-B17                   ,	BBRD7 ,
	TB-B17                   ,	BBRD8 ,
	TB-B17                   ,	BBRD9 ,
	TB-B9                    ,	BBRF1 ,
	TB-B9                    ,	BBRF2 ,
	TB-B9                    ,	BBRF3 ,
	TB-B9                    ,	BBRF4 ,
	TB-B9                    ,	BBRF5 ,
	TA-A38                   ,	BBR66 ,
	TA-A38                   ,	BBR67 ,
	TA-A38                   ,	BBR68 ,
	TA-A38                   ,	BBR69 ,
	TA-A38                   ,	BBR70 ,
	TA-A38                   ,	BBR71 ,
	TA-A38                   ,	BBR72 ,
	TA-A38                   ,	BBR73 ,
	TA-A38                   ,	BBR74 ,
	TA-A38                   ,	BBR75 ,
	TA-A38                   ,	BBR76 ,
	TA-A38                   ,	BBR77 ,
	TA-A38                   ,	BBR78 ,
