Location,Entity,
	TA-3,	BB211,
	TA-3,	BB212,
	TA-3,	BB213,
	TA-3,	BB214,
	TA-3,	BB215,
	TA-3,	BB216,
	TA-3,	BB217,
	TA-3,	BB218,
	TA-3,	BB219,
	TA-3,	BB220,
	TA-3,	BB221,
	TA-3,	BB222,
	TA-3,	BB223,
	TA-3,	BB224,
	TA-3,	BB225,
	TA-3,	BB226,
	TA-3,	BB227,
	TA-3,	BB228,
	TA-3,	BB229,
	TA-3,	BB230,
	TA-3,	BB231,
	TA-3,	BB232,
	TA-3,	BB233,
	TA-3,	BB234,
	TA-3,	BB235,
	TA-1,	BB441,
	TA-1,	BB442,
	TA-1,	BB443,
	TA-1,	BB444,
	TA-1,	BB445,
	TA-1,	BB446,
	TA-1,	BB447,
	TA-1,	BB448,
	TA-1,	BB449,
	TA-1,	BB450,
	TA-1,	BB451,
	TA-1,	BB452,
	TA-1,	BB453,
	TA-1,	BB454,
	TA-1,	BB455,
	TA-1,	BB456,
	TA-1,	BB457,
	TA-1,	BB458,
	TA-1,	BB459,
	TA-1,	BB460,
	TA-1,	BB461,
	TA-1,	BB462,
	TA-1,	BB463,
	TA-1,	BB465,
	TA-1,	BB466,
	TA-1,	BB467,
	TA-1,	BB468,
	TA-1,	BB469,
	TA-1,	BB470,
	TA-1,	BB471,
	TA-1,	BB472,
	TA-1,	BB473,
	TA-1,	BB474,
	TA-1,	BB475,
	TA-1,	BB476,
	TA-1,	BB477,
	TA-1,	BB478,
	TA-1,	BB479,
	TA-1,	BB480,
	TA-1,	BB481,
	TA-1,	BB482,
	TA-1,	BB483,
	TA-1,	BB484,
	TA-1,	BB485,
	TA-1,	BB486,
	TA-1,	BB487,
	TA-1,	BB488,
	TA-1,	BB489,
	TA-1,	BB490,
	TA-1,	BB496,
	TA-1,	BB497,
	TA-1,	BB498,
	TA-1,	BB499,
	TA-1,	BB500,
	TA-1,	BB501,
	TA-1,	BB502,
	TA-1,	BB503,
	TA-1,	BB504,
	TA-1,	BB505,
	TA-1,	BB506,
	TA-1,	BB507,
	TA-1,	BB508,
	TA-1,	BB509,
	TA-1,	BB510,
	TA-1,	BB511,
	TA-1,	BB512,
	TA-1,	BB513,
	TA-1,	BB514,
	TA-1,	BB515,
	TA-1,	BB516,
	TA-1,	BB517,
	TA-1,	BB518,
	TA-1,	BB519,
	TA-1,	BB520,
	TA-1,	BB521,
	TA-1,	BB522,
	TA-1,	BB523,
	TA-1,	BB524,
	TA-1,	BB525,
	TA-1,	BB526,
	TA-1,	BB527,
	TA-1,	BB528,
	TA-1,	BB529,
	TA-1,	BB530,
	TA-1,	BB531,
	TA-1,	BB532,
	TA-1,	BB533,
	TA-1,	BB534,
	TA-1,	BB535,
	TA-1,	BB536,
	TA-1,	BB537,
	TA-1,	BB538,
	TA-1,	BB539,
	TA-1,	BB540,
	TA-1,	BB541,
	TA-1,	BB542,
	TA-1,	BB543,
	TA-1,	BB544,
	TA-1,	BB545,
	TA-1,	BB546,
	TA-1,	BB547,
	TA-1,	BB548,
	TA-1,	BB549,
	TA-1,	BB550,
	TA-1,	BB551,
	TA-1,	BB552,
	TA-1,	BB553,
	TA-1,	BB554,
	TA-1,	BB555,
	TA-1,	BB556,
	TA-1,	BB557,
	TA-1,	BB558,
	TA-1,	BB559,
	TA-1,	BB560,
	TA-1,	BB561,
	TA-1,	BB562,
	TA-1,	BB563,
	TA-1,	BB564,
	TA-1,	BB565,
	TA-1,	BB566,
	TA-1,	BB567,
	TA-1,	BB568,
	TA-1,	BB569,
	TA-1,	BB570,
	TA-1,	BB571,
	TA-1,	BB572,
	TA-1,	BB573,
	TA-1,	BB574,
	TA-1,	BB575,
	TA-1,	BB576,
	TA-1,	BB577,
	TA-1,	BB578,
	TA-1,	BB579,
	TA-1,	BB580,
	TA-1,	BB581,
	TA-1,	BB582,
	TA-1,	BB583,
	TA-1,	BB584,
	TA-1,	BB585,
	TA-1,	BB586,
	TA-1,	BB587,
	TA-1,	BB588,
	TA-1,	BB589,
	TA-1,	BB590,
	TA-1,	BB591,
	TA-1,	BB592,
	TA-1,	BB593,
	TA-1,	BB594,
	TA-1,	BB595,
	TA-1,	BB596,
	TA-1,	BB597,
	TA-1,	BB598,
	TA-1,	BB599,
	TA-1,	BB600,
	TA-1,	BB601,
	TA-1,	BB602,
	TA-1,	BB603,
	TA-1,	BB604,
	TA-1,	BB605,
	TA-1,	BB606,
	TA-1,	BB607,
	TA-1,	BB608,
	TA-1,	BB609,
	TA-1,	BB610,
	TA-1,	BB611,
	TA-1,	BB612,
	TA-1,	BB613,
	TA-1,	BB614,
	TA-1,	BB615,
	TA-1,	BB616,
	TA-1,	BB617,
	TA-1,	BB618,
	TA-1,	BB619,
	TA-1,	BB620,
	TA-1,	BB621,
	TA-1,	BB622,
	TA-1,	BB623,
	TA-1,	BB624,
	TA-2,	BB701,
	TA-2,	BB702,
	TA-2,	BB703,
	TA-2,	BB704,
	TA-2,	BB705,
	TA-2,	BB706,
	TA-2,	BB707,
	TA-2,	BB708,
	TA-2,	BB709,
	TA-2,	BB710,
	TA-2,	BB711,
	TA-2,	BB712,
	TA-2,	BB713,
	TA-2,	BB714,
	TA-2,	BB715,
	TA-2,	BB716,
	TA-2,	BB717,
	TA-2,	BB718,
	TA-2,	BB719,
	TA-2,	BB720,
	TA-2,	BB721,
	TA-2,	BB722,
	TA-2,	BB723,
	TA-2,	BB724,
	TA-2,	BB725,
	TA-2,	BB726,
	TA-2,	BB727,
	TA-2,	BB728,
	TA-2,	BB729,
	TA-2,	BB730,
	TA-2,	BB731,
	TA-2,	BB732,
	TA-2,	BB733,
	TA-2,	BB734,
	TA-2,	BB735,
	TA-2,	BB736,
	TA-2,	BB737,
	TA-2,	BB738,
	TA-2,	BB745,
	TA-2,	BB746,
	TA-2,	BB747,
	TA-2,	BB748,
	TA-2,	BB749,
	TA-2,	BB750,
	TA-2,	BB751,
	TA-2,	BB752,
	TA-2,	BB753,
	TA-2,	BB754,
	TA-2,	BB755,
	TA-2,	BB756,
	TA-2,	BB757,
	TA-2,	BB758,
	TA-2,	BB759,
	TA-2,	BB760,
	TA-2,	BB761,
	TA-2,	BB762,
	TA-2,	BB763,
	TA-2,	BB764,
	TA-2,	BB765,
	TA-2,	BB766,
	TA-2,	BB767,
	TA-2,	BB768,
	TA-2,	BB769,
	TA-2,	BB770,
	TA-2,	BB771,
	TA-2,	BB772,
	TA-2,	BB773,
	TA-2,	BB774,
	TA-2,	BB775,
	TA-2,	BB776,
	TA-2,	BB777,
	TA-2,	BB778,
	TA-2,	BB779,
	TA-2,	BB780,
	TA-2,	BB781,
	TA-2,	BB782,
	TA-2,	BB783,
	TA-2,	BB784,
	TA-2,	BB785,
	TA-2,	BB786,
	TA-2,	BB787,
	TA-2,	BB788,
	TA-2,	BB789,
	TA-2,	BB790,
	TA-2,	BB791,
	TB-U,	BB801,
	TB-U,	BB802,
	TB-U,	BB803,
	TB-U,	BB804,
	TB-U,	BB805,
	TB-U,	BB806,
	TB-U,	BB807,
	TB-U,	BB808,
	TB-U,	BB809,
	TB-U,	BB810,
	TB-U,	BB811,
	TB-U,	BB812,
	TB-U,	BB813,
	TB-U,	BB814,
	TB-U,	BB815,
	TB-U,	BB816,
	TB-U,	BB817,
	TB-U,	BB818,
	TB-U,	BB819,
	TB-U,	BB821,
	TB-U,	BB822,
	TB-U,	BB823,
	TB-U,	BB824,
	TB-U,	BB825,
	TB-U,	BB826,
	TB-U,	BB827,
	TB-U,	BB828,
	TB-U,	BB831,
	TB-U,	BB832,
	TB-U,	BB833,
	TB-U,	BB834,
	TB-U,	BB835,
	TB-U,	BB836,
	TB-U,	BB837,
	TB-U,	BB838,
	TB-U,	BB839,
	TB-U,	BB840,
	TB-U,	BB841,
	TB-U,	BB842,
	TB-U,	BB843,
	TB-U,	BB844,
	TB-U,	BB845,
	TB-U,	BB846,
	TB-U,	BB847,
	TB-U,	BB848,
	TB-U,	BB849,
	TB-U,	BB850,
	TB-U,	BB851,
	TB-U,	BB852,
	TB-U,	BB853,
	TB-U,	BB854,
	TB-U,	BB855,
	TB-U,	BB856,
	TB-U,	BB857,
	TB-U,	BB858,
	TB-U,	BB859,
	TB-U,	BB860,
	TB-U,	BB861,
	TB-U,	BB862,
	TB-U,	BB863,
	TB-U,	BB864,
	TB-U,	BB865,
	TB-U,	BB866,
	TB-U,	BB867,
	TB-U,	BB868,
	TB-U,	BB869,
	TB-U,	BB870,
	TB-U,	BB871,
	TB-U,	BB872,
	TB-U,	BB873,
	TB-U,	BB874,
	TB-U,	BB875,
	TB-U,	BB876,
	TB-U,	BB877,
	TB-U,	BB878,
	TB-U,	BB879,
	TB-U,	BB880,
	TB-U,	BB881,
	TB-U,	BB882,
	TB-U,	BB883,
	TB-U,	BB884,
	TB-U,	BB885,
	TB-U,	BB886,
	TB-U,	BB887,
	TB-U,	BB888,
	TB-U,	BB889,
	TB-U,	BB890,
	TB-U,	BB891,
	TB-U,	BB892,
	TB-U,	BB893,
	TB-U,	BB894,
	TB-U,	BB895,
	TB-U,	BB896,
	TB-U,	BB897,
	TB-U,	BB898,
	TB-U,	BB899,
	TB-U,	BB900,
	TB-U,	BB901,
	TB-U,	BB902,
	TB-U,	BB903,
	TB-U,	BB904,
	TB-U,	BB905,
	TB-U,	BB906,
	TB-U,	BB907,
	TB-U,	BB908,
	TB-U,	BB909,
	TB-U,	BB910,
	TB-U,	BB911,
	TB-U,	BB912,
	TB-U,	BB913,
	TB-U,	BB914,
	TB-U,	BB915,
	TB-U,	BB916,
	TB-U,	BB917,
	TB-U,	BB918,
	TB-U,	BB919,
	TB-U,	BB920,
	TB-U,	BB921,
	TB-U,	BB922,
	TB-U,	BB923,
	TB-U,	BB924,
	TB-U,	BB925,
	TB-U,	BB926,
	TB-U,	BB929,
	TB-U,	BB930,
	TB-U,	BB931,
	TB-U,	BB932,
	TB-U,	BB933,
	TB-U,	BB938,
	TB-I,	BBA01,
	TB-I,	BBA02,
	TB-I,	BBA03,
	TB-I,	BBA04,
	TB-I,	BBA05,
	TB-I,	BBA06,
	TB-I,	BBA07,
	TB-I,	BBA08,
	TB-I,	BBA09,
	TB-I,	BBA10,
	TB-I,	BBA11,
	TB-I,	BBA12,
	TB-I,	BBA13,
	TB-I,	BBA14,
	TB-I,	BBA15,
	TB-I,	BBA16,
	TB-I,	BBA17,
	TB-I,	BBA18,
	TB-I,	BBA19,
	TB-I,	BBA20,
	TB-I,	BBA22,
	TB-I,	BBA23,
	TB-I,	BBA24,
	TB-I,	BBA25,
	TB-I,	BBA26,
	TB-I,	BBA27,
	TB-I,	BBA28,
	TB-I,	BBA29,
	TB-I,	BBA30,
	TB-I,	BBA31,
	TA-2,	BBB01,
	TA-2,	BBB02,
	TA-2,	BBB03,
	TA-2,	BBB04,
	TA-2,	BBB05,
	TA-2,	BBB06,
	TA-2,	BBB07,
	TA-2,	BBB08,
	TA-2,	BBB09,
	TA-2,	BBB10,
	TA-2,	BBB11,
	TA-2,	BBB12,
	TA-2,	BBB13,
	TA-2,	BBB14,
	TA-2,	BBB15,
	TA-2,	BBB16,
	TA-2,	BBB17,
	TA-2,	BBB18,
	TA-2,	BBB19,
	TA-2,	BBB20,
	TA-2,	BBB21,
	TA-2,	BBB22,
	TA-2,	BBB23,
	TA-2,	BBB24,
	TA-2,	BBB25,
	TA-2,	BBB26,
	TA-2,	BBB27,
	TA-2,	BBB28,
	TA-2,	BBB29,
	TA-2,	BBB30,
	TA-2,	BBB31,
	TA-2,	BBB32,
	TA-2,	BBB33,
	TA-2,	BBB34,
	TA-2,	BBB35,
	TA-2,	BBB36,
	TB-5P,	BBC01,
	TB-5P,	BBC02,
	TB-5P,	BBC03,
	TB-5P,	BBC04,
	TB-5P,	BBC05,
	TB-5P,	BBC06,
	TB-5P,	BBC07,
	TB-5P,	BBC08,
	TB-5P,	BBC09,
	TB-5P,	BBC10,
	TB-5P,	BBC11,
	TB-5P,	BBC12,
	TB-5P,	BBC13,
	TB-5P,	BBC14,
	TB-5P,	BBC15,
	TB-5P,	BBC16,
	TB-5P,	BBC17,
	TB-5P,	BBC18,
	TB-5P,	BBC19,
	TB-5P,	BBC20,
	TB-5P,	BBC21,
	TB-5P,	BBC22,
	TB-5P,	BBC23,
	TB-5P,	BBC24,
	TB-5P,	BBC25,
	TB-5P,	BBC26,
	TB-5P,	BBC27,
	TB-5P,	BBC28,
	TB-5P,	BBC29,
	TB-5P,	BBC30,
	TB-5P,	BBC31,
	TB-5P,	BBC32,
	TB-5P,	BBC33,
	TB-5P,	BBC34,
	TB-5P,	BBC35,
	TB-5P,	BBC36,
	TB-5P,	BBC37,
	TB-5P,	BBC38,
	TB-5P,	BBC39,
	TB-5P,	BBC40,
	TB-5P,	BBC41,
	TB-5P,	BBC42,
	TB-5P,	BBC43,
	TB-5P,	BBC44,
	TB-5P,	BBC45,
	TB-5P,	BBC46,
	TB-5P,	BBC47,
	TB-5P,	BBC48,
	TB-5P,	BBC49,
	TB-5P,	BBC50,
	TB-5P,	BBC51,
	TB-5P,	BBC52,
	TB-5P,	BBC53,
	TB-5P,	BBC54,
	TB-5P,	BBC55,
	TB-5P,	BBC56,
	TB-5P,	BBC57,
	TB-5P,	BBC58,
	TB-5P,	BBC59,
	TB-5P,	BBC60,
	TB-P,	BBD01,
	TB-P,	BBD02,
	TB-P,	BBD03,
	TB-P,	BBD09,
	TB-P,	BBD10,
	TB-P,	BBD11,
	TB-P,	BBD12,
	TB-P,	BBD13,
	TB-P,	BBD14,
	TB-P,	BBD15,
	TB-P,	BBD16,
	TB-P,	BBD17,
	TB-P,	BBD20,
	TB-P,	BBD21,
	TB-P,	BBD22,
	TB-P,	BBD23,
	TB-P,	BBD24,
	TB-P,	BBD35,
	TB-P,	BBD36,
	TB-P,	BBD37,
	TB-P,	BBD38,
	TB-P,	BBD39,
	TB-P,	BBD40,
	TB-P,	BBD41,
	TB-P,	BBD42,
	TB-P,	BBD43,
	TB-P,	BBD44,
	TB-P,	BBD48,
	TB-P,	BBD49,
	TB-P,	BBD50,
	TB-P,	BBD51,
	TB-P,	BBD52,
	TB-P,	BBD53,
	TB-P,	BBD54,
	TB-P,	BBD55,
	TB-P,	BBD56,
	TB-P,	BBD57,
	TB-P,	BBD58,
	TB-P,	BBD59,
	TB-P,	BBD60,
	TB-P,	BBD61,
	TB-P,	BBD62,
	TB-P,	BBD63,
	TB-P,	BBD64,
	TB-P,	BBD65,
	TB-P,	BBD66,
	TB-P,	BBD67,
	TB-P,	BBD81,
	TA-P,	BBH08,
	TA-P,	BBH09,
	TA-P,	BBH10,
	TA-P,	BBH11,
	TA-P,	BBH12,
	TA-P,	BBH13,
	TA-P,	BBH14,
	TA-P,	BBH15,
	TA-P,	BBH16,
	TA-P,	BBH17,
	TA-P,	BBH18,
	TA-P,	BBH19,
	TA-P,	BBH20,
	TA-P,	BBH21,
	TA-P,	BBH22,
	TA-P,	BBH23,
	TA-P,	BBH24,
	TA-P,	BBH25,
	TA-P,	BBH26,
	TA-P,	BBH27,
	TA-P,	BBH28,
	TA-P,	BBH29,
	TA-P,	BBH30,
	TA-P,	BBH31,
	TA-P,	BBH32,
	TA-P,	BBH33,
	TA-P,	BBH34,
	TA-P,	BBH35,
	TA-P,	BBH36,
	TA-P,	BBH37,
	TA-P,	BBH38,
	TA-P,	BBH39,
	TA-P,	BBH40,
	TA-P,	BBH41,
	TA-P,	BBH42,
	TA-P,	BBH43,
	TA-P,	BBH44,
	TA-P,	BBH45,
	TA-P,	BBH46,
	TA-P,	BBH47,
	TA-P,	BBH48,
	TA-P,	BBH49,
	TA-P,	BBH50,
	TA-P,	BBH51,
	TA-P,	BBH52,
	TA-P,	BBH53,
	TA-P,	BBH54,
	TA-P,	BBH55,
	TA-P,	BBH56,
	TA-P,	BBH57,
	TA-P,	BBH58,
	TA-P,	BBH59,
	TA-P,	BBH60,
	TA-P,	BBH61,
	TA-P,	BBH62,
	TA-P,	BBH63,
	TA-P,	BBH64,
	TA-P,	BBH65,
	TA-P,	BBH66,
	TA-P,	BBH67,
	TA-P,	BBH68,
	TA-P,	BBH69,
	TA-P,	BBH70,
	TA-P,	BBH96,
	TA-P,	BBH97,
	TA-P,	BBH98,
	TA-P,	BBH99,
	TB-I,	BBJ01,
	TB-U,	BBJ02,
	TB-U,	BBJ03,
	TA-P,	BBK27,
	TA-P,	BBK28,
	TA-P,	BBK29,
	TB-5P,	BBK30,
	TB-5P,	BBK31,
	TB-5P,	BBK32,
	TB-5P,	BBK33,
	TB-5P,	BBK34,
	TB-5P,	BBK35,
	TB-5P,	BBK36,
	TB-5P,	BBK37,
	TB-5P,	BBK38,
	TB-5P,	BBK39,
	TB-5P,	BBK40,
	TB-5P,	BBK41,
	TB-5P,	BBK42,
	TB-5P,	BBK43,
	TB-5P,	BBK44,
	TB-5P,	BBK45,
	TB-5P,	BBK46,
	TB-5P,	BBK47,
	TB-5P,	BBK48,
	TB-5P,	BBK49,
	TB-P,	BBL01,
	TB-P,	BBL02,
	TB-P,	BBL03,
	TB-P,	BBL04,
	TB-P,	BBL05,
	TB-P,	BBL16,
	TB-P,	BBL17,
	TB-P,	BBL18,
	TB-P,	BBL19,
	TB-P,	BBL20,
	TB-P,	BBL21,
	TB-P,	BBL22,
	TA-U,	BBM01,
	TA-U,	BBM02,
	TA-U,	BBM03,
	TA-U,	BBM04,
	TA-U,	BBM05,
	TA-U,	BBM06,
	TA-U,	BBM07,
	TB-R,	BBR01,
	TB-R,	BBR02,
	TB-R,	BBR03,
	TB-R,	BBR04,
	TB-R,	BBR05,
	TB-R,	BBR06,
	TB-R,	BBR07,
	TB-R,	BBR08,
	TB-R,	BBR09,
	TB-R,	BBR10,
	TB-R,	BBR11,
	TB-R,	BBR12,
	TB-R,	BBR13,
	TB-R,	BBR14,
	TB-R,	BBR15,
	TB-R,	BBR16,
	TB-R,	BBR17,
	TB-R,	BBR18,
	TB-R,	BBR19,
	TB-R,	BBR20,
	TB-R,	BBR21,
	TB-R,	BBR22,
	TB-R,	BBR23,
	TB-R,	BBR24,
	TB-R,	BBR25,
	TA-R,	BBR26,
	TA-R,	BBR27,
	TA-R,	BBR28,
	TA-R,	BBR29,
	TA-R,	BBR30,
	TA-R,	BBR31,
	TA-R,	BBR32,
	TA-R,	BBR33,
	TA-R,	BBR34,
	TA-R,	BBR35,
	TA-R,	BBR36,
	TA-R,	BBR37,
	TA-R,	BBR38,
	TA-R,	BBR39,
	TA-R,	BBR40,
	TA-R,	BBR41,
	TA-R,	BBR42,
	TA-R,	BBR43,
	TA-R,	BBR44,
	TA-R,	BBR45,
	TA-R,	BBR46,
	TA-R,	BBR47,
	TA-R,	BBR48,
	TA-R,	BBR49,
	TA-R,	BBR50,
	TA-R,	BBR51,
	TA-R,	BBR52,
	TA-R,	BBR53,
	TA-R,	BBR54,
	TA-R,	BBR55,
	TA-R,	BBR56,
	TA-R,	BBR57,
	TA-R,	BBR58,
	TA-R,	BBR59,
	TA-R,	BBR60,
	TA-R,	BBR61,
	TA-R,	BBR62,
	TA-R,	BBR63,
	TA-R,	BBR64,
	TA-R,	BBR65,
	TA-R,	BBR66,
	TA-R,	BBR67,
	TA-R,	BBR68,
	TA-R,	BBR69,
	TA-R,	BBR70,
	TA-R,	BBR71,
	TA-R,	BBR72,
	TA-R,	BBR73,
	TA-R,	BBR74,
	TA-R,	BBR75,
	TA-R,	BBR76,
	TA-R,	BBR77,
	TA-R,	BBR78,
	TA-R,	BBR79,
	TA-R,	BBR80,
	TA-R,	BBR81,
	TA-R,	BBR82,
	TA-R,	BBR83,
	TA-R,	BBR84,
	TA-R,	BBR85,
	TA-R,	BBR86,
	TA-R,	BBR87,
	TA-R,	BBR88,
	TA-R,	BBR89,
	TA-R,	BBR90,
	TB-R,	BBR91,
	TB-R,	BBR92,
	TB-R,	BBR93,
	TB-R,	BBR94,
	TB-R,	BBR95,
	TB-R,	BBR96,
	TB-R,	BBR97,
	TB-R,	BBR98,
	TB-R,	BBR99,
	TB-R,	BBRA1,
	TB-R,	BBRA2,
	TB-R,	BBRA3,
	TB-R,	BBRA4,
	TB-R,	BBRA5,
	TB-R,	BBRA6,
	TB-R,	BBRA7,
	TB-R,	BBRA8,
	TB-R,	BBRA9,
	TB-R,	BBRB1,
	TB-R,	BBRB2,
	TB-R,	BBRB3,
	TB-R,	BBRB4,
	TB-R,	BBRB5,
	TB-R,	BBRB6,
	TB-R,	BBRB7,
	TB-R,	BBRB8,
	TB-R,	BBRB9,
	TB-R,	BBRC1,
	TB-R,	BBRC2,
	TB-R,	BBRC3,
	TB-R,	BBRC4,
	TB-R,	BBRC5,
	TB-R,	BBRC6,
	TB-R,	BBRC7,
	TB-R,	BBRC8,
	TB-R,	BBRC9,
	TB-R,	BBRD1,
	TB-R,	BBRD2,
	TB-R,	BBRD3,
	TB-R,	BBRD4,
	TB-R,	BBRD5,
	TB-R,	BBRD6,
	TB-R,	BBRD7,
	TB-R,	BBRD8,
	TB-R,	BBRD9,
	TB-R,	BBRF1,
	TB-R,	BBRF2,
	TB-R,	BBRF3,
	TB-R,	BBRF4,
	TB-R,	BBRF5,
	TB-IP,	BBS01,
	TB-IP,	BBS02,
	TB-IP,	BBS03,
	TB-IP,	BBS04,
	TB-IP,	BBS05,
	TB-IP,	BBS06,
	TB-IP,	BBS07,
	TB-IP,	BBS08,
	TB-IP,	BBS09,
	TB-IP,	BBS10,
	TA-5,	BBU01,
	TA-5,	BBU02,
	TA-5,	BBU03,
	TA-5,	BBU04,
	TA-5,	BBU05,
	TA-5,	BBU06,
	TA-5,	BBU07,
	TA-5,	BBU08,
	TA-5,	BBU09,
	TA-5,	BBU10,
	TA-5,	BBU11,
	TA-5,	BBU12,
	TA-5,	BBU13,
	TA-5,	BBU14,
	TA-5,	BBU15,
	TA-5,	BBU16,
	TA-5,	BBU17,
	TA-5,	BBU18,
	TA-5,	BBU19,
	TA-5,	BBU20,
	TA-5,	BBU21,
	TA-5,	BBU22,
	TA-5,	BBU23,
	TA-5,	BBU24,
	TA-5,	BBU25,
	TA-5,	BBU26,
	TA-5,	BBU27,
	TA-5,	BBU28,
	TA-5,	BBU29,
	TA-5,	BBU30,
	TA-5,	BBU31,
	TA-5,	BBU32,
	TA-5,	BBU33,
	TA-5,	BBU34,
	TA-5,	BBU35,
	TA-5,	BBU36,
	TA-5,	BBU37,
	TA-5,	BBU38,
	TA-5,	BBU39,
	TA-5,	BBU40,
	TA-5,	BBU41,
	TA-5,	BBU42,
	TA-5,	BBU43,
	TA-5,	BBU44,
	TA-5,	BBU45,
	TA-5,	BBU46,
	TA-5,	BBU47,
	TA-5,	BBU48,
	TA-5,	BBU49,
	TA-5,	BBU50,
	TA-5,	BBU51,
	TA-5,	BBU52,
	TA-5,	BBU53,
	TA-5,	BBU54,
	TA-5,	BBU55,
	TA-5,	BBU56,
	TA-5,	BBU57,
	TA-5,	BBU58,
	TA-5,	BBU59,
	TA-5,	BBU60,
	TA-5,	BBU61,
	TA-5,	BBU62,
	TA-5,	BBU63,
	TA-5,	BBU64,
	TA-5,	BBU65,
	TA-5,	BBU66,
	TA-5,	BBU67,
	TA-5,	BBU68,
	TA-5,	BBU69,
	TA-5,	BBU70,
	TA-5,	BBU71,
	TA-5,	BBU72,
	TA-5,	BBU73,
	TA-5,	BBU74,
	TA-5,	BBU75,
	TA-5,	BBU76,
	TA-5,	BBU77,
	TA-5,	BBU78,
	TA-5,	BBU79,
	TA-5,	BBU80,
	TA-5,	BBU81,
	TA-5,	BBU82,
	TA-5,	BBU83,
	TA-5,	BBU84,
	TA-5,	BBU85,
	TA-5,	BBU86,
	TA-5,	BBU87,
	TA-5,	BBU88,
	TA-5,	BBU89,
	TA-5,	BBU90,
	TA-5,	BBU91,
	TA-5,	BBU92,
	TA-5,	BBU93,
	TA-5,	BBU94,
	TA-5,	BBU95,
	TA-5,	BBU96,
	TA-5,	BBU97,
	TA-5,	BBU98,
	TA-5,	BBU99,
	TA-5,	BBUA1,
	TA-5,	BBUA2,
	TA-5,	BBUA3,
	TA-5,	BBUA4,
	TA-5,	BBUA5,
	TA-5,	BBUA6,
	TA-5,	BBUA7,
	TA-5,	BBUA8,
	TA-5,	BBUA9,
	TA-5,	BBUB1,
	TA-5,	BBUB2,
	TA-5,	BBUB3,
	TA-5,	BBUB4,
	TA-5,	BBUB5,
	TA-5,	BBUB6,
	TA-5,	BBUB7,
